{"cameraMode":{"drawMode":0,"name":"Shaded","section":"Shading Mode"},"sceneLighting":false,"audioPlay":false,"sceneViewState":{"showFog":true,"showMaterialUpdate":false,"showSkybox":false,"showFlares":true,"showImageEffects":true,"showParticleSystems":true},"in2DMode":false,"pivot":{"x":-0.284332275390625,"y":4.111456394195557,"z":-1.5765583515167237},"rotation":{"x":-0.25207847356796267,"y":0.5877237915992737,"z":-0.19954419136047364,"w":-0.7424497604370117},"size":2.84814453125,"orthographic":false}