{"cameraMode":{"drawMode":0,"name":"Shaded","section":"Shading Mode"},"sceneLighting":true,"audioPlay":false,"sceneViewState":{"showFog":true,"showMaterialUpdate":false,"showSkybox":true,"showFlares":true,"showImageEffects":true,"showParticleSystems":true},"in2DMode":false,"pivot":{"x":-0.17555618286132813,"y":0.9095931053161621,"z":0.0},"rotation":{"x":-0.0752091258764267,"y":-0.0278201624751091,"z":0.002100028796121478,"w":-0.9967824220657349},"size":10.257414817810059,"orthographic":false}